{"kind": "Listing", "data": {"modhash": "", "children": [{"kind": "t3", "data": {"domain": "twitter.com", "banned_by": null, "media_embed": {}, "subreddit": "Showerthoughts", "selftext_html": null, "selftext": "", "likes": null, "suggested_sort": null, "user_reports": [], "secure_media": null, "link_flair_text": null, "id": "4drp8w", "from_kind": null, "gilded": 0, "archived": false, "clicked": false, "report_reasons": null, "author": "drumcowski", "media": null, "score": 5466, "approved_by": null, "over_18": false, "hidden": false, "preview": {"images": [{"source": {"url": "https://i.redditmedia.com/umaripfBXpR9DPj6IovZRP6_fbf1a7cjZJBUE1NWkSc.jpg?s=df99c0ae0f4f4c6808944c5e4b0c3256", "width": 600, "height": 600}, "resolutions": [{"url": "https://i.redditmedia.com/umaripfBXpR9DPj6IovZRP6_fbf1a7cjZJBUE1NWkSc.jpg?fit=crop&amp;crop=faces%2Centropy&amp;arh=2&amp;w=108&amp;s=8df52bbe44c437059c7e9799dfb62672", "width": 108, "height": 108}, {"url": "https://i.redditmedia.com/umaripfBXpR9DPj6IovZRP6_fbf1a7cjZJBUE1NWkSc.jpg?fit=crop&amp;crop=faces%2Centropy&amp;arh=2&amp;w=216&amp;s=aa81708e1fc1e115efb2fc4acc10138e", "width": 216, "height": 216}, {"url": "https://i.redditmedia.com/umaripfBXpR9DPj6IovZRP6_fbf1a7cjZJBUE1NWkSc.jpg?fit=crop&amp;crop=faces%2Centropy&amp;arh=2&amp;w=320&amp;s=85cafdf956a9b99f6b5224f820b74266", "width": 320, "height": 320}], "variants": {}, "id": "b3Zn2s6ARrpFl0AqneainEr_wMxE7-pteSshFwJij5k"}]}, "num_comments": 250, "thumbnail": "http://b.thumbs.redditmedia.com/k9uiX-64LmkjgO4PeriAVr0AOiKyoy_tuM3qduKBavQ.jpg", "subreddit_id": "t5_2szyo", "hide_score": false, "edited": false, "link_flair_css_class": null, "author_flair_css_class": null, "downs": 0, "secure_media_embed": {}, "saved": false, "removal_reason": null, "post_hint": "link", "stickied": true, "from": null, "is_self": false, "from_id": null, "permalink": "/r/Showerthoughts/comments/4drp8w/there_are_a_bunch_of_unofficial_showerthoughts/", "locked": false, "name": "t3_4drp8w", "created": 1460073725.0, "url": "https://twitter.com/rShowerThoughts", "author_flair_text": null, "quarantine": false, "title": "There are a bunch of unofficial Showerthoughts Twitter accounts with WAY more followers than us that don't give you guys any credit - help us catch up by following our official @rShowerthoughts account!", "created_utc": 1460044925.0, "distinguished": null, "mod_reports": [], "visited": false, "num_reports": null, "ups": 5466}}, {"kind": "t3", "data": {"domain": "self.Showerthoughts", "banned_by": null, "media_embed": {}, "subreddit": "Showerthoughts", "selftext_html": "&lt;!-- SC_OFF --&gt;&lt;div class=\"md\"&gt;&lt;p&gt;Hey everyone! &lt;/p&gt;\n\n&lt;p&gt;Some of you might remember our &lt;a href=\"https://www.reddit.com/r/Showerthoughts/comments/2a9dve/rshowerthoughts_charity_water_campaign/\"&gt;2014 charity: water campaign&lt;/a&gt; where, with your help, we raised &lt;a href=\"https://my.charitywater.org/drumcowski/rshowerthoughts-charity-water-2014-1\"&gt;just over $10,000!&lt;/a&gt; That was enough to fully fund an &lt;em&gt;entire&lt;/em&gt; project, as well as partially fund one other. Our fully funded project, a drilled well in Malawi, &lt;a href=\"https://mycw.charitywater.org/p/myprojectsview?project_id=MW.WVI.Q3.14.169.024&amp;amp;campaign_id=55319\"&gt;provided clean drinking water for 243 people&lt;/a&gt; who previously had to walk 2 hours to collect &lt;em&gt;unclean&lt;/em&gt; drinking water. &lt;a href=\"https://mycw.charitywater.org/p/myprojectsview?project_id=MW.WVI.Q3.14.169.245&amp;amp;campaign_id=55319\"&gt;The second project we helped fund&lt;/a&gt;, a well at a Malawian school, gave 415 children clean drinking water, hygiene training, and a hand washing station. &lt;/p&gt;\n\n&lt;p&gt;As these projects were only just completed this past March, I felt now was an appropriate time to re-thank all that donated and spread the word of our campaign, as well as to the reddit admins at the time that supported our cause by giving us generous amounts of free advertising on this site (special shoutout to &lt;a href=\"/u/hueypriest\"&gt;/u/hueypriest&lt;/a&gt;!). You helped improve the lives of &lt;strong&gt;658 people&lt;/strong&gt;.&lt;/p&gt;\n\n&lt;hr/&gt;\n\n&lt;h2&gt;2016 Campaign&lt;/h2&gt;\n\n&lt;p&gt;Since the end of our previous campaign, I&amp;#39;ve wanted to put together another campaign. I failed to do so last year, something I still regret, but am eager to rectify this year. &lt;/p&gt;\n\n&lt;p&gt;Instead of just doing another simple &amp;#39;donate page&amp;#39; campaign like we did in 2014, we would like to do things slightly differently this year by offering Logo T-Shirts (and maybe some other items) for sale, with all proceeds going towards our campaign. &lt;del&gt;The problem is, we don&amp;#39;t have experience with getting shirts/stickers/etc. made. That&amp;#39;s where you guys come in:&lt;/del&gt;&lt;/p&gt;\n\n&lt;p&gt;&lt;del&gt;We&amp;#39;re hoping some of you reading this post might know of a quality T-Shirt company, large or small, that might be interested in partnering up with us for this campaign.&lt;/del&gt;&lt;/p&gt;\n\n&lt;p&gt;&lt;del&gt;2 small caveats:&lt;/del&gt;&lt;/p&gt;\n\n&lt;ul&gt;\n&lt;li&gt;&lt;p&gt;&lt;del&gt;Must be able to print onto shirts that closely match our blue banner color (and perhaps our red).&lt;/del&gt;&lt;/p&gt;&lt;/li&gt;\n&lt;li&gt;&lt;p&gt;&lt;del&gt;Must also offer &amp;quot;Tall&amp;quot; sizes (even if in limited amounts).&lt;/del&gt;&lt;/p&gt;&lt;/li&gt;\n&lt;/ul&gt;\n\n&lt;p&gt;&lt;del&gt;If you have anybody in mind, please send more information to us at &lt;a href=\"mailto:rshowerthoughts@gmail.com\"&gt;rshowerthoughts@gmail.com&lt;/a&gt; or send me a PM directly.&lt;/del&gt; &lt;/p&gt;\n\n&lt;p&gt;&lt;em&gt;Not a fan of shirts but still might want to donate?&lt;/em&gt; No worries, we&amp;#39;ll still have a campaign page you can donate to.&lt;/p&gt;\n\n&lt;p&gt;We&amp;#39;re still (clearly) very much in the early stages of planning this. We&amp;#39;ll likely have a few more posts in the near future once we&amp;#39;ve found a vendor to partner with, where we&amp;#39;ll likely get your input on design/colors/etc. Until then, if you have any comments/questions please feel free to leave them below. &lt;/p&gt;\n\n&lt;hr/&gt;\n\n&lt;h1&gt;Update 6/18:&lt;/h1&gt;\n\n&lt;p&gt;We have found a partner, one many of you will be familiar with already. We will make a full announcement once we have more details worked out. Thank you everyone for the help and support so far!&lt;/p&gt;\n&lt;/div&gt;&lt;!-- SC_ON --&gt;", "selftext": "Hey everyone! \n\nSome of you might remember our [2014 charity: water campaign](https://www.reddit.com/r/Showerthoughts/comments/2a9dve/rshowerthoughts_charity_water_campaign/) where, with your help, we raised [just over $10,000!](https://my.charitywater.org/drumcowski/rshowerthoughts-charity-water-2014-1) That was enough to fully fund an *entire* project, as well as partially fund one other. Our fully funded project, a drilled well in Malawi, [provided clean drinking water for 243 people](https://mycw.charitywater.org/p/myprojectsview?project_id=MW.WVI.Q3.14.169.024&amp;campaign_id=55319) who previously had to walk 2 hours to collect *unclean* drinking water. [The second project we helped fund](https://mycw.charitywater.org/p/myprojectsview?project_id=MW.WVI.Q3.14.169.245&amp;campaign_id=55319), a well at a Malawian school, gave 415 children clean drinking water, hygiene training, and a hand washing station. \n\nAs these projects were only just completed this past March, I felt now was an appropriate time to re-thank all that donated and spread the word of our campaign, as well as to the reddit admins at the time that supported our cause by giving us generous amounts of free advertising on this site (special shoutout to /u/hueypriest!). You helped improve the lives of **658 people**.\n\n-----\n\n##2016 Campaign\n\nSince the end of our previous campaign, I've wanted to put together another campaign. I failed to do so last year, something I still regret, but am eager to rectify this year. \n\nInstead of just doing another simple 'donate page' campaign like we did in 2014, we would like to do things slightly differently this year by offering Logo T-Shirts (and maybe some other items) for sale, with all proceeds going towards our campaign. ~~The problem is, we don't have experience with getting shirts/stickers/etc. made. That's where you guys come in:~~\n\n~~We're hoping some of you reading this post might know of a quality T-Shirt company, large or small, that might be interested in partnering up with us for this campaign.~~\n\n~~2 small caveats:~~\n\n- ~~Must be able to print onto shirts that closely match our blue banner color (and perhaps our red).~~\n\n- ~~Must also offer \"Tall\" sizes (even if in limited amounts).~~\n\n~~If you have anybody in mind, please send more information to us at rshowerthoughts@gmail.com or send me a PM directly.~~ \n\n*Not a fan of shirts but still might want to donate?* No worries, we'll still have a campaign page you can donate to.\n\nWe're still (clearly) very much in the early stages of planning this. We'll likely have a few more posts in the near future once we've found a vendor to partner with, where we'll likely get your input on design/colors/etc. Until then, if you have any comments/questions please feel free to leave them below. \n\n----\n\n#Update 6/18:\n\nWe have found a partner, one many of you will be familiar with already. We will make a full announcement once we have more details worked out. Thank you everyone for the help and support so far!", "likes": null, "suggested_sort": null, "user_reports": [], "secure_media": null, "link_flair_text": null, "id": "4fip9e", "from_kind": null, "gilded": 0, "archived": false, "clicked": false, "report_reasons": null, "author": "drumcowski", "media": null, "score": 1064, "approved_by": null, "over_18": false, "hidden": false, "preview": {"images": [{"source": {"url": "https://i.redditmedia.com/kdDrZOqMFzcKU2hSGkhNk0C6x3lBIKtJ_RY640qneAE.jpg?s=7654f5bd486428840cc5789084c92a85", "width": 1171, "height": 474}, "resolutions": [{"url": "https://i.redditmedia.com/kdDrZOqMFzcKU2hSGkhNk0C6x3lBIKtJ_RY640qneAE.jpg?fit=crop&amp;crop=faces%2Centropy&amp;arh=2&amp;w=108&amp;s=acf5a3125b84ec42220a436a4525d5f8", "width": 108, "height": 43}, {"url": "https://i.redditmedia.com/kdDrZOqMFzcKU2hSGkhNk0C6x3lBIKtJ_RY640qneAE.jpg?fit=crop&amp;crop=faces%2Centropy&amp;arh=2&amp;w=216&amp;s=38e688031a4261d978ead2270cd13522", "width": 216, "height": 87}, {"url": "https://i.redditmedia.com/kdDrZOqMFzcKU2hSGkhNk0C6x3lBIKtJ_RY640qneAE.jpg?fit=crop&amp;crop=faces%2Centropy&amp;arh=2&amp;w=320&amp;s=9dbcbbb01d836896eaa7a582c20d3f12", "width": 320, "height": 129}, {"url": "https://i.redditmedia.com/kdDrZOqMFzcKU2hSGkhNk0C6x3lBIKtJ_RY640qneAE.jpg?fit=crop&amp;crop=faces%2Centropy&amp;arh=2&amp;w=640&amp;s=2e87f8010f18af861b1ef7224a93e849", "width": 640, "height": 259}, {"url": "https://i.redditmedia.com/kdDrZOqMFzcKU2hSGkhNk0C6x3lBIKtJ_RY640qneAE.jpg?fit=crop&amp;crop=faces%2Centropy&amp;arh=2&amp;w=960&amp;s=34d497f04c6a45c36a738773dfe18b2e", "width": 960, "height": 388}, {"url": "https://i.redditmedia.com/kdDrZOqMFzcKU2hSGkhNk0C6x3lBIKtJ_RY640qneAE.jpg?fit=crop&amp;crop=faces%2Centropy&amp;arh=2&amp;w=1080&amp;s=f31bb35e3b03286537cae4c5928651af", "width": 1080, "height": 437}], "variants": {}, "id": "e0PDsHTF23Fzk043mhHPn4KSbG8PQGFmQAcUPT8V8mU"}]}, "num_comments": 39, "thumbnail": "self", "subreddit_id": "t5_2szyo", "hide_score": false, "edited": 1466253657.0, "link_flair_css_class": null, "author_flair_css_class": null, "downs": 0, "secure_media_embed": {}, "saved": false, "removal_reason": null, "post_hint": "self", "stickied": true, "from": null, "is_self": true, "from_id": null, "permalink": "/r/Showerthoughts/comments/4fip9e/showerthoughts_charity_2016_step_1/", "locked": false, "name": "t3_4fip9e", "created": 1461115667.0, "url": "https://www.reddit.com/r/Showerthoughts/comments/4fip9e/showerthoughts_charity_2016_step_1/", "author_flair_text": null, "quarantine": false, "title": "Showerthoughts Charity 2016: Step 1", "created_utc": 1461086867.0, "distinguished": "moderator", "mod_reports": [], "visited": false, "num_reports": null, "ups": 1064}}, {"kind": "t3", "data": {"domain": "self.Showerthoughts", "banned_by": null, "media_embed": {}, "subreddit": "Showerthoughts", "selftext_html": null, "selftext": "", "likes": null, "suggested_sort": null, "user_reports": [], "secure_media": null, "link_flair_text": null, "id": "50t56j", "from_kind": null, "gilded": 0, "archived": false, "clicked": false, "report_reasons": null, "author": "Stallsy", "media": null, "score": 4570, "approved_by": null, "over_18": false, "hidden": false, "num_comments": 226, "thumbnail": "self", "subreddit_id": "t5_2szyo", "hide_score": false, "edited": false, "link_flair_css_class": null, "author_flair_css_class": null, "downs": 0, "secure_media_embed": {}, "saved": false, "removal_reason": null, "stickied": false, "from": null, "is_self": true, "from_id": null, "permalink": "/r/Showerthoughts/comments/50t56j/its_a_little_ironic_that_my_lazy_clothes_are_the/", "locked": false, "name": "t3_50t56j", "created": 1472850785.0, "url": "https://www.reddit.com/r/Showerthoughts/comments/50t56j/its_a_little_ironic_that_my_lazy_clothes_are_the/", "author_flair_text": null, "quarantine": false, "title": "It's a little ironic that my \"lazy\" clothes, are the exact same as my gym clothes", "created_utc": 1472821985.0, "distinguished": null, "mod_reports": [], "visited": false, "num_reports": null, "ups": 4570}}, {"kind": "t3", "data": {"domain": "self.Showerthoughts", "banned_by": null, "media_embed": {}, "subreddit": "Showerthoughts", "selftext_html": null, "selftext": "", "likes": null, "suggested_sort": null, "user_reports": [], "secure_media": null, "link_flair_text": null, "id": "50u77d", "from_kind": null, "gilded": 0, "archived": false, "clicked": false, "report_reasons": null, "author": "Baconshaman", "media": null, "score": 1613, "approved_by": null, "over_18": false, "hidden": false, "num_comments": 61, "thumbnail": "self", "subreddit_id": "t5_2szyo", "hide_score": false, "edited": false, "link_flair_css_class": null, "author_flair_css_class": null, "downs": 0, "secure_media_embed": {}, "saved": false, "removal_reason": null, "stickied": false, "from": null, "is_self": true, "from_id": null, "permalink": "/r/Showerthoughts/comments/50u77d/the_lego_batman_movie_will_probably_be_the_best/", "locked": false, "name": "t3_50u77d", "created": 1472863869.0, "url": "https://www.reddit.com/r/Showerthoughts/comments/50u77d/the_lego_batman_movie_will_probably_be_the_best/", "author_flair_text": null, "quarantine": false, "title": "The Lego Batman movie will probably be the best reviewed DC film in a long time.", "created_utc": 1472835069.0, "distinguished": null, "mod_reports": [], "visited": false, "num_reports": null, "ups": 1613}}, {"kind": "t3", "data": {"domain": "self.Showerthoughts", "banned_by": null, "media_embed": {}, "subreddit": "Showerthoughts", "selftext_html": null, "selftext": "", "likes": null, "suggested_sort": null, "user_reports": [], "secure_media": null, "link_flair_text": null, "id": "50tfmg", "from_kind": null, "gilded": 0, "archived": false, "clicked": false, "report_reasons": null, "author": "TitanicMan", "media": null, "score": 2039, "approved_by": null, "over_18": false, "hidden": false, "num_comments": 62, "thumbnail": "self", "subreddit_id": "t5_2szyo", "hide_score": false, "edited": false, "link_flair_css_class": null, "author_flair_css_class": null, "downs": 0, "secure_media_embed": {}, "saved": false, "removal_reason": null, "stickied": false, "from": null, "is_self": true, "from_id": null, "permalink": "/r/Showerthoughts/comments/50tfmg/its_really_redundant_when_a_news_website_has_a/", "locked": false, "name": "t3_50tfmg", "created": 1472854597.0, "url": "https://www.reddit.com/r/Showerthoughts/comments/50tfmg/its_really_redundant_when_a_news_website_has_a/", "author_flair_text": null, "quarantine": false, "title": "It's really redundant when a news website has a \"Read More\" button cutting off the article. I'm obviously on the page to read the article, I didn't open the page just to look at their fucking mosaic of ads.", "created_utc": 1472825797.0, "distinguished": null, "mod_reports": [], "visited": false, "num_reports": null, "ups": 2039}}, {"kind": "t3", "data": {"domain": "self.Showerthoughts", "banned_by": null, "media_embed": {}, "subreddit": "Showerthoughts", "selftext_html": null, "selftext": "", "likes": null, "suggested_sort": null, "user_reports": [], "secure_media": null, "link_flair_text": null, "id": "50ubtc", "from_kind": null, "gilded": 0, "archived": false, "clicked": false, "report_reasons": null, "author": "Fatkin", "media": null, "score": 1033, "approved_by": null, "over_18": false, "hidden": false, "num_comments": 69, "thumbnail": "self", "subreddit_id": "t5_2szyo", "hide_score": false, "edited": false, "link_flair_css_class": null, "author_flair_css_class": null, "downs": 0, "secure_media_embed": {}, "saved": false, "removal_reason": null, "stickied": false, "from": null, "is_self": true, "from_id": null, "permalink": "/r/Showerthoughts/comments/50ubtc/if_the_app_store_had_a_try_before_you_buy_feature/", "locked": false, "name": "t3_50ubtc", "created": 1472865363.0, "url": "https://www.reddit.com/r/Showerthoughts/comments/50ubtc/if_the_app_store_had_a_try_before_you_buy_feature/", "author_flair_text": null, "quarantine": false, "title": "If the app store had a \"try before you buy\" feature, I'd probably buy a lot more apps", "created_utc": 1472836563.0, "distinguished": null, "mod_reports": [], "visited": false, "num_reports": null, "ups": 1033}}, {"kind": "t3", "data": {"domain": "self.Showerthoughts", "banned_by": null, "media_embed": {}, "subreddit": "Showerthoughts", "selftext_html": null, "selftext": "", "likes": null, "suggested_sort": null, "user_reports": [], "secure_media": null, "link_flair_text": null, "id": "50tdpd", "from_kind": null, "gilded": 0, "archived": false, "clicked": false, "report_reasons": null, "author": "meurl", "media": null, "score": 1494, "approved_by": null, "over_18": false, "hidden": false, "num_comments": 99, "thumbnail": "self", "subreddit_id": "t5_2szyo", "hide_score": false, "edited": false, "link_flair_css_class": null, "author_flair_css_class": null, "downs": 0, "secure_media_embed": {}, "saved": false, "removal_reason": null, "stickied": false, "from": null, "is_self": true, "from_id": null, "permalink": "/r/Showerthoughts/comments/50tdpd/considering_the_1000s_of_times_ive_done_it_i/", "locked": false, "name": "t3_50tdpd", "created": 1472853902.0, "url": "https://www.reddit.com/r/Showerthoughts/comments/50tdpd/considering_the_1000s_of_times_ive_done_it_i/", "author_flair_text": null, "quarantine": false, "title": "Considering the 1000's of times I've done it, I still don't know were to put my arms when I go to sleep", "created_utc": 1472825102.0, "distinguished": null, "mod_reports": [], "visited": false, "num_reports": null, "ups": 1494}}, {"kind": "t3", "data": {"domain": "self.Showerthoughts", "banned_by": null, "media_embed": {}, "subreddit": "Showerthoughts", "selftext_html": null, "selftext": "", "likes": null, "suggested_sort": null, "user_reports": [], "secure_media": null, "link_flair_text": null, "id": "50u8ky", "from_kind": null, "gilded": 0, "archived": false, "clicked": false, "report_reasons": null, "author": "Crushgaunt", "media": null, "score": 501, "approved_by": null, "over_18": false, "hidden": false, "num_comments": 45, "thumbnail": "self", "subreddit_id": "t5_2szyo", "hide_score": false, "edited": false, "link_flair_css_class": null, "author_flair_css_class": null, "downs": 0, "secure_media_embed": {}, "saved": false, "removal_reason": null, "stickied": false, "from": null, "is_self": true, "from_id": null, "permalink": "/r/Showerthoughts/comments/50u8ky/humans_are_a_really_good_example_of_how_dangerous/", "locked": false, "name": "t3_50u8ky", "created": 1472864335.0, "url": "https://www.reddit.com/r/Showerthoughts/comments/50u8ky/humans_are_a_really_good_example_of_how_dangerous/", "author_flair_text": null, "quarantine": false, "title": "Humans are a really good example of how dangerous an invasive species is for the local environment", "created_utc": 1472835535.0, "distinguished": null, "mod_reports": [], "visited": false, "num_reports": null, "ups": 501}}, {"kind": "t3", "data": {"domain": "self.Showerthoughts", "banned_by": null, "media_embed": {}, "subreddit": "Showerthoughts", "selftext_html": null, "selftext": "", "likes": null, "suggested_sort": null, "user_reports": [], "secure_media": null, "link_flair_text": null, "id": "50rd15", "from_kind": null, "gilded": 1, "archived": false, "clicked": false, "report_reasons": null, "author": "RVDean-Ambrose", "media": null, "score": 5456, "approved_by": null, "over_18": false, "hidden": false, "num_comments": 1288, "thumbnail": "self", "subreddit_id": "t5_2szyo", "hide_score": false, "edited": false, "link_flair_css_class": null, "author_flair_css_class": null, "downs": 0, "secure_media_embed": {}, "saved": false, "removal_reason": null, "stickied": false, "from": null, "is_self": true, "from_id": null, "permalink": "/r/Showerthoughts/comments/50rd15/as_i_grow_older_calvin_and_hobbes_gets_funnier/", "locked": false, "name": "t3_50rd15", "created": 1472817318.0, "url": "https://www.reddit.com/r/Showerthoughts/comments/50rd15/as_i_grow_older_calvin_and_hobbes_gets_funnier/", "author_flair_text": null, "quarantine": false, "title": "As I grow older, Calvin and Hobbes gets funnier, but Garfield gets worse.", "created_utc": 1472788518.0, "distinguished": null, "mod_reports": [], "visited": false, "num_reports": null, "ups": 5456}}, {"kind": "t3", "data": {"domain": "self.Showerthoughts", "banned_by": null, "media_embed": {}, "subreddit": "Showerthoughts", "selftext_html": null, "selftext": "", "likes": null, "suggested_sort": null, "user_reports": [], "secure_media": null, "link_flair_text": null, "id": "50t2ng", "from_kind": null, "gilded": 0, "archived": false, "clicked": false, "report_reasons": null, "author": "87Alpha1", "media": null, "score": 834, "approved_by": null, "over_18": false, "hidden": false, "num_comments": 85, "thumbnail": "self", "subreddit_id": "t5_2szyo", "hide_score": false, "edited": false, "link_flair_css_class": null, "author_flair_css_class": null, "downs": 0, "secure_media_embed": {}, "saved": false, "removal_reason": null, "stickied": false, "from": null, "is_self": true, "from_id": null, "permalink": "/r/Showerthoughts/comments/50t2ng/we_live_in_a_world_where_the_dr_oz_show_is_taken/", "locked": false, "name": "t3_50t2ng", "created": 1472849802.0, "url": "https://www.reddit.com/r/Showerthoughts/comments/50t2ng/we_live_in_a_world_where_the_dr_oz_show_is_taken/", "author_flair_text": null, "quarantine": false, "title": "We live in a world where \"the Dr. Oz show\" is taken seriously, and \"Adam Ruins Everything\" is just a comedy.", "created_utc": 1472821002.0, "distinguished": null, "mod_reports": [], "visited": false, "num_reports": null, "ups": 834}}, {"kind": "t3", "data": {"domain": "self.Showerthoughts", "banned_by": null, "media_embed": {}, "subreddit": "Showerthoughts", "selftext_html": null, "selftext": "", "likes": null, "suggested_sort": null, "user_reports": [], "secure_media": null, "link_flair_text": null, "id": "50tl6b", "from_kind": null, "gilded": 0, "archived": false, "clicked": false, "report_reasons": null, "author": "ArMcK", "media": null, "score": 424, "approved_by": null, "over_18": false, "hidden": false, "num_comments": 18, "thumbnail": "self", "subreddit_id": "t5_2szyo", "hide_score": false, "edited": false, "link_flair_css_class": null, "author_flair_css_class": null, "downs": 0, "secure_media_embed": {}, "saved": false, "removal_reason": null, "stickied": false, "from": null, "is_self": true, "from_id": null, "permalink": "/r/Showerthoughts/comments/50tl6b/my_twenty_year_high_school_reunion_is_coming_up/", "locked": false, "name": "t3_50tl6b", "created": 1472856556.0, "url": "https://www.reddit.com/r/Showerthoughts/comments/50tl6b/my_twenty_year_high_school_reunion_is_coming_up/", "author_flair_text": null, "quarantine": false, "title": "My twenty year high school reunion is coming up and thanks to Facebook I can watch all the girls dropping weight like it's their job.", "created_utc": 1472827756.0, "distinguished": null, "mod_reports": [], "visited": false, "num_reports": null, "ups": 424}}, {"kind": "t3", "data": {"domain": "self.Showerthoughts", "banned_by": null, "media_embed": {}, "subreddit": "Showerthoughts", "selftext_html": null, "selftext": "", "likes": null, "suggested_sort": null, "user_reports": [], "secure_media": null, "link_flair_text": null, "id": "50uble", "from_kind": null, "gilded": 0, "archived": false, "clicked": false, "report_reasons": null, "author": "Natedizzoggy", "media": null, "score": 243, "approved_by": null, "over_18": false, "hidden": false, "num_comments": 11, "thumbnail": "self", "subreddit_id": "t5_2szyo", "hide_score": false, "edited": false, "link_flair_css_class": null, "author_flair_css_class": null, "downs": 0, "secure_media_embed": {}, "saved": false, "removal_reason": null, "stickied": false, "from": null, "is_self": true, "from_id": null, "permalink": "/r/Showerthoughts/comments/50uble/google_earth_should_have_a_nighttime_feature_so/", "locked": false, "name": "t3_50uble", "created": 1472865294.0, "url": "https://www.reddit.com/r/Showerthoughts/comments/50uble/google_earth_should_have_a_nighttime_feature_so/", "author_flair_text": null, "quarantine": false, "title": "Google earth should have a nighttime feature so you can see different cities' night life.", "created_utc": 1472836494.0, "distinguished": null, "mod_reports": [], "visited": false, "num_reports": null, "ups": 243}}, {"kind": "t3", "data": {"domain": "self.Showerthoughts", "banned_by": null, "media_embed": {}, "subreddit": "Showerthoughts", "selftext_html": null, "selftext": "", "likes": null, "suggested_sort": null, "user_reports": [], "secure_media": null, "link_flair_text": null, "id": "50tdby", "from_kind": null, "gilded": 0, "archived": false, "clicked": false, "report_reasons": null, "author": "Anson845", "media": null, "score": 435, "approved_by": null, "over_18": false, "hidden": false, "num_comments": 29, "thumbnail": "self", "subreddit_id": "t5_2szyo", "hide_score": false, "edited": false, "link_flair_css_class": null, "author_flair_css_class": null, "downs": 0, "secure_media_embed": {}, "saved": false, "removal_reason": null, "stickied": false, "from": null, "is_self": true, "from_id": null, "permalink": "/r/Showerthoughts/comments/50tdby/sometimes_i_wonder_how_many_strangers_i_saw_last/", "locked": false, "name": "t3_50tdby", "created": 1472853760.0, "url": "https://www.reddit.com/r/Showerthoughts/comments/50tdby/sometimes_i_wonder_how_many_strangers_i_saw_last/", "author_flair_text": null, "quarantine": false, "title": "Sometimes I wonder how many strangers I saw last year are now dead.", "created_utc": 1472824960.0, "distinguished": null, "mod_reports": [], "visited": false, "num_reports": null, "ups": 435}}, {"kind": "t3", "data": {"domain": "self.Showerthoughts", "banned_by": null, "media_embed": {}, "subreddit": "Showerthoughts", "selftext_html": null, "selftext": "", "likes": null, "suggested_sort": null, "user_reports": [], "secure_media": null, "link_flair_text": null, "id": "50rmg5", "from_kind": null, "gilded": 0, "archived": false, "clicked": false, "report_reasons": null, "author": "ancientmelodies", "media": null, "score": 1846, "approved_by": null, "over_18": false, "hidden": false, "num_comments": 46, "thumbnail": "self", "subreddit_id": "t5_2szyo", "hide_score": false, "edited": false, "link_flair_css_class": null, "author_flair_css_class": null, "downs": 0, "secure_media_embed": {}, "saved": false, "removal_reason": null, "stickied": false, "from": null, "is_self": true, "from_id": null, "permalink": "/r/Showerthoughts/comments/50rmg5/opening_a_door_for_someone_and_that_person_then/", "locked": false, "name": "t3_50rmg5", "created": 1472821584.0, "url": "https://www.reddit.com/r/Showerthoughts/comments/50rmg5/opening_a_door_for_someone_and_that_person_then/", "author_flair_text": null, "quarantine": false, "title": "Opening a door for someone and that person then opening the 2nd inside door for you is the most instantaneous positive karma return.", "created_utc": 1472792784.0, "distinguished": null, "mod_reports": [], "visited": false, "num_reports": null, "ups": 1846}}, {"kind": "t3", "data": {"domain": "self.Showerthoughts", "banned_by": null, "media_embed": {}, "subreddit": "Showerthoughts", "selftext_html": null, "selftext": "", "likes": null, "suggested_sort": null, "user_reports": [], "secure_media": null, "link_flair_text": null, "id": "50tr6x", "from_kind": null, "gilded": 0, "archived": false, "clicked": false, "report_reasons": null, "author": "PigeonsOnYourBalcony", "media": null, "score": 276, "approved_by": null, "over_18": false, "hidden": false, "num_comments": 29, "thumbnail": "self", "subreddit_id": "t5_2szyo", "hide_score": false, "edited": false, "link_flair_css_class": null, "author_flair_css_class": null, "downs": 0, "secure_media_embed": {}, "saved": false, "removal_reason": null, "stickied": false, "from": null, "is_self": true, "from_id": null, "permalink": "/r/Showerthoughts/comments/50tr6x/a_successful_marriage_surprises_me_more_than_a/", "locked": false, "name": "t3_50tr6x", "created": 1472858622.0, "url": "https://www.reddit.com/r/Showerthoughts/comments/50tr6x/a_successful_marriage_surprises_me_more_than_a/", "author_flair_text": null, "quarantine": false, "title": "A successful marriage surprises me more than a divorce", "created_utc": 1472829822.0, "distinguished": null, "mod_reports": [], "visited": false, "num_reports": null, "ups": 276}}, {"kind": "t3", "data": {"domain": "self.Showerthoughts", "banned_by": null, "media_embed": {}, "subreddit": "Showerthoughts", "selftext_html": null, "selftext": "", "likes": null, "suggested_sort": null, "user_reports": [], "secure_media": null, "link_flair_text": null, "id": "50u54m", "from_kind": null, "gilded": 0, "archived": false, "clicked": false, "report_reasons": null, "author": "zanzibarbob", "media": null, "score": 204, "approved_by": null, "over_18": false, "hidden": false, "num_comments": 18, "thumbnail": "self", "subreddit_id": "t5_2szyo", "hide_score": false, "edited": false, "link_flair_css_class": null, "author_flair_css_class": null, "downs": 0, "secure_media_embed": {}, "saved": false, "removal_reason": null, "stickied": false, "from": null, "is_self": true, "from_id": null, "permalink": "/r/Showerthoughts/comments/50u54m/when_i_see_evidence_of_fellow_introverts_on_the/", "locked": false, "name": "t3_50u54m", "created": 1472863182.0, "url": "https://www.reddit.com/r/Showerthoughts/comments/50u54m/when_i_see_evidence_of_fellow_introverts_on_the/", "author_flair_text": null, "quarantine": false, "title": "When I see evidence of fellow introverts on the internet, I get a great wave of love for humanity, but I really don't want to meet any of you, ok?", "created_utc": 1472834382.0, "distinguished": null, "mod_reports": [], "visited": false, "num_reports": null, "ups": 204}}, {"kind": "t3", "data": {"domain": "self.Showerthoughts", "banned_by": null, "media_embed": {}, "subreddit": "Showerthoughts", "selftext_html": null, "selftext": "", "likes": null, "suggested_sort": null, "user_reports": [], "secure_media": null, "link_flair_text": null, "id": "50tw5z", "from_kind": null, "gilded": 0, "archived": false, "clicked": false, "report_reasons": null, "author": "book-hoarder", "media": null, "score": 207, "approved_by": null, "over_18": false, "hidden": false, "num_comments": 22, "thumbnail": "self", "subreddit_id": "t5_2szyo", "hide_score": false, "edited": false, "link_flair_css_class": null, "author_flair_css_class": null, "downs": 0, "secure_media_embed": {}, "saved": false, "removal_reason": null, "stickied": false, "from": null, "is_self": true, "from_id": null, "permalink": "/r/Showerthoughts/comments/50tw5z/nothing_ruins_a_good_song_like_using_it_for_a/", "locked": false, "name": "t3_50tw5z", "created": 1472860251.0, "url": "https://www.reddit.com/r/Showerthoughts/comments/50tw5z/nothing_ruins_a_good_song_like_using_it_for_a/", "author_flair_text": null, "quarantine": false, "title": "Nothing ruins a good song like using it for a ringtone for a few months", "created_utc": 1472831451.0, "distinguished": null, "mod_reports": [], "visited": false, "num_reports": null, "ups": 207}}, {"kind": "t3", "data": {"domain": "self.Showerthoughts", "banned_by": null, "media_embed": {}, "subreddit": "Showerthoughts", "selftext_html": null, "selftext": "", "likes": null, "suggested_sort": null, "user_reports": [], "secure_media": null, "link_flair_text": null, "id": "50v93k", "from_kind": null, "gilded": 0, "archived": false, "clicked": false, "report_reasons": null, "author": "Well__Good", "media": null, "score": 90, "approved_by": null, "over_18": false, "hidden": false, "num_comments": 35, "thumbnail": "self", "subreddit_id": "t5_2szyo", "hide_score": false, "edited": false, "link_flair_css_class": null, "author_flair_css_class": null, "downs": 0, "secure_media_embed": {}, "saved": false, "removal_reason": null, "stickied": false, "from": null, "is_self": true, "from_id": null, "permalink": "/r/Showerthoughts/comments/50v93k/what_if_im_mentally_challenged_and_everyone/", "locked": false, "name": "t3_50v93k", "created": 1472876157.0, "url": "https://www.reddit.com/r/Showerthoughts/comments/50v93k/what_if_im_mentally_challenged_and_everyone/", "author_flair_text": null, "quarantine": false, "title": "What if I'm mentally challenged and everyone around me is just being really cool about it?", "created_utc": 1472847357.0, "distinguished": null, "mod_reports": [], "visited": false, "num_reports": null, "ups": 90}}, {"kind": "t3", "data": {"domain": "self.Showerthoughts", "banned_by": null, "media_embed": {}, "subreddit": "Showerthoughts", "selftext_html": null, "selftext": "", "likes": null, "suggested_sort": null, "user_reports": [], "secure_media": null, "link_flair_text": null, "id": "50us6a", "from_kind": null, "gilded": 0, "archived": false, "clicked": false, "report_reasons": null, "author": "G0BLES", "media": null, "score": 107, "approved_by": null, "over_18": false, "hidden": false, "num_comments": 4, "thumbnail": "self", "subreddit_id": "t5_2szyo", "hide_score": false, "edited": false, "link_flair_css_class": null, "author_flair_css_class": null, "downs": 0, "secure_media_embed": {}, "saved": false, "removal_reason": null, "stickied": false, "from": null, "is_self": true, "from_id": null, "permalink": "/r/Showerthoughts/comments/50us6a/growing_up_i_thought_moths_eating_my_clothes_was/", "locked": false, "name": "t3_50us6a", "created": 1472870543.0, "url": "https://www.reddit.com/r/Showerthoughts/comments/50us6a/growing_up_i_thought_moths_eating_my_clothes_was/", "author_flair_text": null, "quarantine": false, "title": "Growing up I thought moths eating my clothes was going to be a big problem.", "created_utc": 1472841743.0, "distinguished": null, "mod_reports": [], "visited": false, "num_reports": null, "ups": 107}}, {"kind": "t3", "data": {"domain": "self.Showerthoughts", "banned_by": null, "media_embed": {}, "subreddit": "Showerthoughts", "selftext_html": null, "selftext": "", "likes": null, "suggested_sort": null, "user_reports": [], "secure_media": null, "link_flair_text": null, "id": "50u659", "from_kind": null, "gilded": 0, "archived": false, "clicked": false, "report_reasons": null, "author": "MaxwellVador", "media": null, "score": 138, "approved_by": null, "over_18": false, "hidden": false, "num_comments": 11, "thumbnail": "self", "subreddit_id": "t5_2szyo", "hide_score": false, "edited": false, "link_flair_css_class": null, "author_flair_css_class": null, "downs": 0, "secure_media_embed": {}, "saved": false, "removal_reason": null, "stickied": false, "from": null, "is_self": true, "from_id": null, "permalink": "/r/Showerthoughts/comments/50u659/if_someone_looked_at_steve_buscemi_and_thought/", "locked": false, "name": "t3_50u659", "created": 1472863501.0, "url": "https://www.reddit.com/r/Showerthoughts/comments/50u659/if_someone_looked_at_steve_buscemi_and_thought/", "author_flair_text": null, "quarantine": false, "title": "If someone looked at Steve Buscemi and thought, you should be in movies, then I can follow my dreams too.", "created_utc": 1472834701.0, "distinguished": null, "mod_reports": [], "visited": false, "num_reports": null, "ups": 138}}, {"kind": "t3", "data": {"domain": "self.Showerthoughts", "banned_by": null, "media_embed": {}, "subreddit": "Showerthoughts", "selftext_html": null, "selftext": "", "likes": null, "suggested_sort": null, "user_reports": [], "secure_media": null, "link_flair_text": null, "id": "50u158", "from_kind": null, "gilded": 0, "archived": false, "clicked": false, "report_reasons": null, "author": "TweektheGeek", "media": null, "score": 100, "approved_by": null, "over_18": false, "hidden": false, "num_comments": 6, "thumbnail": "self", "subreddit_id": "t5_2szyo", "hide_score": false, "edited": false, "link_flair_css_class": null, "author_flair_css_class": null, "downs": 0, "secure_media_embed": {}, "saved": false, "removal_reason": null, "stickied": false, "from": null, "is_self": true, "from_id": null, "permalink": "/r/Showerthoughts/comments/50u158/the_most_effective_prank_a_woman_could_pull_would/", "locked": false, "name": "t3_50u158", "created": 1472861876.0, "url": "https://www.reddit.com/r/Showerthoughts/comments/50u158/the_most_effective_prank_a_woman_could_pull_would/", "author_flair_text": null, "quarantine": false, "title": "The most effective prank a woman could pull would be to tell a guy that she was coming over in a couple hours. A couple hours later, then text the guy again saying that she isn't coming over and that she just wanted him to clean his apartment.", "created_utc": 1472833076.0, "distinguished": null, "mod_reports": [], "visited": false, "num_reports": null, "ups": 100}}, {"kind": "t3", "data": {"domain": "self.Showerthoughts", "banned_by": null, "media_embed": {}, "subreddit": "Showerthoughts", "selftext_html": null, "selftext": "", "likes": null, "suggested_sort": null, "user_reports": [], "secure_media": null, "link_flair_text": null, "id": "50pfg7", "from_kind": null, "gilded": 0, "archived": false, "clicked": false, "report_reasons": null, "author": "dvhunt", "media": null, "score": 3305, "approved_by": null, "over_18": false, "hidden": false, "num_comments": 172, "thumbnail": "self", "subreddit_id": "t5_2szyo", "hide_score": false, "edited": false, "link_flair_css_class": null, "author_flair_css_class": null, "downs": 0, "secure_media_embed": {}, "saved": false, "removal_reason": null, "stickied": false, "from": null, "is_self": true, "from_id": null, "permalink": "/r/Showerthoughts/comments/50pfg7/patrick_lives_under_a_rock_and_squidward_lives_in/", "locked": false, "name": "t3_50pfg7", "created": 1472791313.0, "url": "https://www.reddit.com/r/Showerthoughts/comments/50pfg7/patrick_lives_under_a_rock_and_squidward_lives_in/", "author_flair_text": null, "quarantine": false, "title": "Patrick lives \"under a rock\" and Squidward lives \"in his head\"", "created_utc": 1472762513.0, "distinguished": null, "mod_reports": [], "visited": false, "num_reports": null, "ups": 3305}}, {"kind": "t3", "data": {"domain": "self.Showerthoughts", "banned_by": null, "media_embed": {}, "subreddit": "Showerthoughts", "selftext_html": null, "selftext": "", "likes": null, "suggested_sort": null, "user_reports": [], "secure_media": null, "link_flair_text": null, "id": "50u538", "from_kind": null, "gilded": 0, "archived": false, "clicked": false, "report_reasons": null, "author": "jBeardly", "media": null, "score": 83, "approved_by": null, "over_18": false, "hidden": false, "num_comments": 21, "thumbnail": "self", "subreddit_id": "t5_2szyo", "hide_score": false, "edited": false, "link_flair_css_class": null, "author_flair_css_class": null, "downs": 0, "secure_media_embed": {}, "saved": false, "removal_reason": null, "stickied": false, "from": null, "is_self": true, "from_id": null, "permalink": "/r/Showerthoughts/comments/50u538/i_wonder_what_cocacola_with_cocaine_was_like/", "locked": false, "name": "t3_50u538", "created": 1472863169.0, "url": "https://www.reddit.com/r/Showerthoughts/comments/50u538/i_wonder_what_cocacola_with_cocaine_was_like/", "author_flair_text": null, "quarantine": false, "title": "I wonder what Coca-Cola with cocaine was like.", "created_utc": 1472834369.0, "distinguished": null, "mod_reports": [], "visited": false, "num_reports": null, "ups": 83}}, {"kind": "t3", "data": {"domain": "self.Showerthoughts", "banned_by": null, "media_embed": {}, "subreddit": "Showerthoughts", "selftext_html": null, "selftext": "", "likes": null, "suggested_sort": null, "user_reports": [], "secure_media": null, "link_flair_text": null, "id": "50u5z6", "from_kind": null, "gilded": 0, "archived": false, "clicked": false, "report_reasons": null, "author": "bLshooter1", "media": null, "score": 72, "approved_by": null, "over_18": false, "hidden": false, "num_comments": 7, "thumbnail": "self", "subreddit_id": "t5_2szyo", "hide_score": false, "edited": false, "link_flair_css_class": null, "author_flair_css_class": null, "downs": 0, "secure_media_embed": {}, "saved": false, "removal_reason": null, "stickied": false, "from": null, "is_self": true, "from_id": null, "permalink": "/r/Showerthoughts/comments/50u5z6/you_know_youre_getting_old_when_instead_of_being/", "locked": false, "name": "t3_50u5z6", "created": 1472863438.0, "url": "https://www.reddit.com/r/Showerthoughts/comments/50u5z6/you_know_youre_getting_old_when_instead_of_being/", "author_flair_text": null, "quarantine": false, "title": "You know you're getting old when instead of being jealous of people winning a large sum of money, you think of how much it cost in taxes.", "created_utc": 1472834638.0, "distinguished": null, "mod_reports": [], "visited": false, "num_reports": null, "ups": 72}}, {"kind": "t3", "data": {"domain": "self.Showerthoughts", "banned_by": null, "media_embed": {}, "subreddit": "Showerthoughts", "selftext_html": null, "selftext": "", "likes": null, "suggested_sort": null, "user_reports": [], "secure_media": null, "link_flair_text": null, "id": "50tiw7", "from_kind": null, "gilded": 0, "archived": false, "clicked": false, "report_reasons": null, "author": "AnObsessedRedditor", "media": null, "score": 110, "approved_by": null, "over_18": false, "hidden": false, "num_comments": 21, "thumbnail": "self", "subreddit_id": "t5_2szyo", "hide_score": false, "edited": false, "link_flair_css_class": null, "author_flair_css_class": null, "downs": 0, "secure_media_embed": {}, "saved": false, "removal_reason": null, "stickied": false, "from": null, "is_self": true, "from_id": null, "permalink": "/r/Showerthoughts/comments/50tiw7/a_reddit_username_is_much_like_a_password_you/", "locked": false, "name": "t3_50tiw7", "created": 1472855780.0, "url": "https://www.reddit.com/r/Showerthoughts/comments/50tiw7/a_reddit_username_is_much_like_a_password_you/", "author_flair_text": null, "quarantine": false, "title": "A Reddit username is much like a password; you don't want others to know either of them.", "created_utc": 1472826980.0, "distinguished": null, "mod_reports": [], "visited": false, "num_reports": null, "ups": 110}}, {"kind": "t3", "data": {"domain": "self.Showerthoughts", "banned_by": null, "media_embed": {}, "subreddit": "Showerthoughts", "selftext_html": null, "selftext": "", "likes": null, "suggested_sort": null, "user_reports": [], "secure_media": null, "link_flair_text": null, "id": "50r2ny", "from_kind": null, "gilded": 0, "archived": false, "clicked": false, "report_reasons": null, "author": "bakedincali4", "media": null, "score": 877, "approved_by": null, "over_18": false, "hidden": false, "num_comments": 42, "thumbnail": "self", "subreddit_id": "t5_2szyo", "hide_score": false, "edited": false, "link_flair_css_class": null, "author_flair_css_class": null, "downs": 0, "secure_media_embed": {}, "saved": false, "removal_reason": null, "stickied": false, "from": null, "is_self": true, "from_id": null, "permalink": "/r/Showerthoughts/comments/50r2ny/when_i_forget_an_account_password_its_like_a_test/", "locked": false, "name": "t3_50r2ny", "created": 1472812990.0, "url": "https://www.reddit.com/r/Showerthoughts/comments/50r2ny/when_i_forget_an_account_password_its_like_a_test/", "author_flair_text": null, "quarantine": false, "title": "When I forget an account password its like a test to see how well I know myself", "created_utc": 1472784190.0, "distinguished": null, "mod_reports": [], "visited": false, "num_reports": null, "ups": 877}}, {"kind": "t3", "data": {"domain": "self.Showerthoughts", "banned_by": null, "media_embed": {}, "subreddit": "Showerthoughts", "selftext_html": null, "selftext": "", "likes": null, "suggested_sort": null, "user_reports": [], "secure_media": null, "link_flair_text": null, "id": "50vax9", "from_kind": null, "gilded": 0, "archived": false, "clicked": false, "report_reasons": null, "author": "BigCountryBumgarner", "media": null, "score": 31, "approved_by": null, "over_18": false, "hidden": false, "num_comments": 9, "thumbnail": "self", "subreddit_id": "t5_2szyo", "hide_score": false, "edited": false, "link_flair_css_class": null, "author_flair_css_class": null, "downs": 0, "secure_media_embed": {}, "saved": false, "removal_reason": null, "stickied": false, "from": null, "is_self": true, "from_id": null, "permalink": "/r/Showerthoughts/comments/50vax9/the_people_complaining_that_everyone_is_too/", "locked": false, "name": "t3_50vax9", "created": 1472876790.0, "url": "https://www.reddit.com/r/Showerthoughts/comments/50vax9/the_people_complaining_that_everyone_is_too/", "author_flair_text": null, "quarantine": false, "title": "The people complaining that everyone is too sensitive nowadays are the same ones complaining about a football player not standing during a National Anthem", "created_utc": 1472847990.0, "distinguished": null, "mod_reports": [], "visited": false, "num_reports": null, "ups": 31}}], "after": "t3_50vax9", "before": null}}